,file,area,area_coor,counts
0,avon-and-somerset-street.csv,South Somerset,"50.94281187864078,-2.6979729902912624",204
1,avon-and-somerset-street.csv,Mendip,"51.194164146496796,-2.5271653694267515",155
2,avon-and-somerset-street.csv,Bristol,"51.45779019554877,-2.590001824114093",4612
3,avon-and-somerset-street.csv,Sedgemoor,"51.15245149180329,-2.9908219836065593",403
4,avon-and-somerset-street.csv,West Somerset,"51.19192520454545,-3.439578045454546",44
5,avon-and-somerset-street.csv,South Gloucestershire,"51.50685895869841,-2.5251774468085117",717
6,avon-and-somerset-street.csv,Taunton Deane,"51.016467875575984,-3.1041380046082896",639
7,avon-and-somerset-street.csv,North Somerset,"51.37347684353754,-2.899802221088435",542
8,avon-and-somerset-street.csv,Bath and North East Somerset,"51.379077884476594,-2.3779586624548754",529
9,bedfordshire-street.csv,Central Bedfordshire,"51.948808214856356,-0.48078986182108785",1031
10,bedfordshire-street.csv,Luton,"51.8920794427083,-0.4298186197916658",800
11,bedfordshire-street.csv,Bedford,"52.1355760061957,-0.46440039776951814",1441
12,cambridgeshire-street.csv,East Cambridgeshire,"52.386398628140704,0.28242930653266385",154
13,cambridgeshire-street.csv,Fenland,"52.61576640481401,0.11137996717724301",447
14,cambridgeshire-street.csv,Cambridge,"52.20338944563708,0.12861390818792018",7444
15,cambridgeshire-street.csv,Huntingdonshire,"52.30885160465115,-0.18869259911406414",827
16,cambridgeshire-street.csv,Peterborough,"52.576000295635005,-0.25079348412698405",2418
17,cambridgeshire-street.csv,South Cambridgeshire,"52.22222723835626,0.10341841506849322",651
18,cheshire-street.csv,Warrington,"53.39697119738869,-2.587171649001542",1263
19,cheshire-street.csv,Halton,"53.355621736040696,-2.725353345177669",386
20,cheshire-street.csv,Cheshire East,"53.17006787234049,-2.344641073581558",1036
21,cheshire-street.csv,Cheshire West and Chester,"53.22668072727277,-2.8246711055194793",1186
22,city-of-london-street.csv,City of London,"51.51563719314632,-0.0909854914330218",1103
23,cleveland-street.csv,Redcar and Cleveland,"54.58585006164383,-1.082942077625571",436
24,cleveland-street.csv,Hartlepool,"54.68356907428577,-1.2217694609523806",520
25,cleveland-street.csv,Middlesbrough,"54.56241277864587,-1.229495802083332",1146
26,cleveland-street.csv,Stockton-on-Tees,"54.56814648617506,-1.3139883479262664",862
27,cumbria-street.csv,Copeland,"54.51935594827587,-3.5419418965517235",58
28,cumbria-street.csv,Allerdale,"54.69249824786323,-3.42252165811966",116
29,cumbria-street.csv,Eden,"54.6152057631579,-2.6741509736842106",38
30,cumbria-street.csv,Carlisle,"54.89058325824175,-2.931458505494503",363
31,cumbria-street.csv,Barrow-in-Furness,"54.11806516993464,-3.2215661045751625",153
32,cumbria-street.csv,South Lakeland,"54.309699974522296,-2.8410687133757944",155
33,derbyshire-street.csv,Amber Valley,"53.04378457983195,-1.3954975042016813",117
34,derbyshire-street.csv,Derby,"52.91577901573908,-1.4729510865654873",1735
35,derbyshire-street.csv,Derbyshire Dales,"53.178479878048776,-1.6444276585365856",38
36,derbyshire-street.csv,High Peak,"53.34690066000003,-1.9256272500000013",98
37,derbyshire-street.csv,South Derbyshire,"52.81538693333334,-1.5222281444444445",88
38,derbyshire-street.csv,Bolsover,"53.20454808749999,-1.2642070624999997",80
39,derbyshire-street.csv,Chesterfield,"53.245161060773455,-1.420419917127073",167
40,derbyshire-street.csv,Erewash,"52.91712955726877,-1.292603830396476",423
41,derbyshire-street.csv,North East Derbyshire,"53.220364980000014,-1.4009550200000005",50
42,devon-and-cornwall-street.csv,South Hams,"50.40509422448979,-3.7239493673469397",43
43,devon-and-cornwall-street.csv,Torridge,"51.00299631034483,-4.207546517241379",29
44,devon-and-cornwall-street.csv,North Devon,"51.08726597487439,-4.067911115577893",182
45,devon-and-cornwall-street.csv,Exeter,"50.72383976696546,-3.522793057618445",769
46,devon-and-cornwall-street.csv,Torbay,"50.45583039890709,-3.5456414371584706",181
47,devon-and-cornwall-street.csv,Plymouth,"50.38079343960393,-4.141597344554456",498
48,devon-and-cornwall-street.csv,Isles of Scilly,"49.9151855625,-6.309821875",16
49,devon-and-cornwall-street.csv,Cornwall,"50.31067726183846,-5.018722300835654",353
50,devon-and-cornwall-street.csv,East Devon,"50.672422050691246,-3.3310559308755767",202
51,devon-and-cornwall-street.csv,Mid Devon,"50.873897499999984,-3.496642481481483",53
52,devon-and-cornwall-street.csv,Teignbridge,"50.55469526050424,-3.580533226890756",111
53,devon-and-cornwall-street.csv,West Devon,"50.63192366666667,-4.097098916666668",12
54,dorset-street.csv,North Dorset,"50.93494406666667,-2.2226192666666664",45
55,dorset-street.csv,Weymouth and Portland,"50.611978812297714,-2.4570786699029146",290
56,dorset-street.csv,Bournemouth,"50.731002191308754,-1.859603344155842",1954
57,dorset-street.csv,Poole,"50.72587756539508,-1.965881111716624",694
58,dorset-street.csv,Purbeck,"50.691409771739124,-2.102990282608696",78
59,dorset-street.csv,East Dorset,"50.818082439393926,-1.9090177954545462",128
60,dorset-street.csv,West Dorset,"50.73187334636872,-2.5287784860335196",174
61,dorset-street.csv,Christchurch,"50.73837561858972,-1.7722502019230786",258
62,durham-street.csv,Darlington,"54.52863509392261,-1.5478820184162052",528
63,durham-street.csv,County Durham,"54.750050356205946,-1.5695123521695256",988
64,dyfed-powys-street.csv,Pembrokeshire,"51.74254655339807,-4.938594427184469",100
65,dyfed-powys-street.csv,Carmarthenshire,"51.72311442079206,-4.167105202970299",199
66,dyfed-powys-street.csv,Powys,"52.32171458015268,-3.3576858854961813",128
67,dyfed-powys-street.csv,Ceredigion,"52.35009070588236,-4.154819376470588",80
68,essex-street.csv,Thurrock,"51.48700708199354,0.3191790128617363",549
69,essex-street.csv,Harlow,"51.76944923368743,0.10083868285280705",584
70,essex-street.csv,Rochford,"51.58716102307696,0.6683309923076924",92
71,essex-street.csv,Braintree,"51.84926931140346,0.5963752171052625",391
72,essex-street.csv,Colchester,"51.88532133000772,0.8990822893323104",1192
73,essex-street.csv,Basildon,"51.57742781617642,0.4658845294117649",599
74,essex-street.csv,Chelmsford,"51.73361984477375,0.47663731357254396",1121
75,essex-street.csv,Uttlesford,"51.95488928571428,0.2492102000000001",72
76,essex-street.csv,Maldon,"51.715900530303,0.7195483636363638",65
77,essex-street.csv,Tendring,"51.82797333333331,1.1618243544061302",487
78,essex-street.csv,Brentwood,"51.626581685714285,0.31737405714285755",238
79,essex-street.csv,Epping Forest,"51.67621149438203,0.06486446067415726",128
80,essex-street.csv,Castle Point,"51.53619740069681,0.5809513310104513",204
81,essex-street.csv,Southend-on-Sea,"51.54299501442307,0.7048095741758235",1330
82,gloucestershire-street.csv,Stroud,"51.74141049743588,-2.251174025641026",183
83,gloucestershire-street.csv,Tewkesbury,"51.93353896226416,-2.139022735849056",159
84,gloucestershire-street.csv,Cotswold,"51.753746787234036,-1.9134997021276594",91
85,gloucestershire-street.csv,Gloucester,"51.857364647683376,-2.2399897027027076",1018
86,gloucestershire-street.csv,Cheltenham,"51.89926011665093,-2.083079490122291",1022
87,gloucestershire-street.csv,Forest of Dean,"51.79854573913043,-2.5403308695652167",44
88,greater-manchester-street.csv,Bolton,"53.572057149068385,-2.436669579192547",642
89,greater-manchester-street.csv,Oldham,"53.53694791239314,-2.1193945341880354",467
90,greater-manchester-street.csv,Rochdale,"53.60093491962173,-2.1662299054373535",421
91,greater-manchester-street.csv,Bury,"53.57171018160927,-2.293596248275863",424
92,greater-manchester-street.csv,Salford,"53.492899661937074,-2.312179210980881",1617
93,greater-manchester-street.csv,Tameside,"53.47788081072023,-2.095267438860971",590
94,greater-manchester-street.csv,Trafford,"53.42596363339204,-2.330331877208489",1125
95,greater-manchester-street.csv,Manchester,"53.46129622200777,-2.2329128226196078",6095
96,greater-manchester-street.csv,Wigan,"53.527730265850934,-2.595292454949947",894
97,greater-manchester-street.csv,Stockport,"53.40080770040485,-2.165845451417001",946
98,gwent-street.csv,Monmouthshire,"51.71314000925926,-2.839681305555555",95
99,gwent-street.csv,Newport,"51.585100630990475,-2.9909134281150163",618
100,gwent-street.csv,Caerphilly,"51.638547262295056,-3.205656644808744",183
101,gwent-street.csv,Blaenau Gwent,"51.768015000000005,-3.1917231999999993",60
102,gwent-street.csv,Torfaen,"51.67518255147058,-3.034350669117646",134
103,hampshire-street.csv,Test Valley,"51.14050138360662,-1.4836237278688529",251
104,hampshire-street.csv,Basingstoke and Deane,"51.269337918750026,-1.0995176046874993",582
105,hampshire-street.csv,Havant,"50.85981711627912,-0.9926763895348816",577
106,hampshire-street.csv,Hart,"51.2916466100385,-0.845015305019304",159
107,hampshire-street.csv,Eastleigh,"50.95187590687672,-1.3476481747850997",569
108,hampshire-street.csv,New Forest,"50.83427073071338,-1.5619946171761263",554
109,hampshire-street.csv,East Hampshire,"51.06011496615383,-0.9253416861538463",214
110,hampshire-street.csv,Southampton,"50.91442113767181,-1.404603682102638",3060
111,hampshire-street.csv,Rushmoor,"51.28491369402973,-0.7580593611940311",517
112,hampshire-street.csv,Fareham,"50.85349415982409,-1.2022856568914975",477
113,hampshire-street.csv,Gosport,"50.80164014870395,-1.1503552060027311",733
114,hampshire-street.csv,Isle of Wight,"50.694574750902575,-1.2329085559566784",274
115,hampshire-street.csv,Winchester,"51.03974750746272,-1.2945295820895508",276
116,hampshire-street.csv,Portsmouth,"50.80113401224254,-1.0825488384592437",3170
117,hertfordshire-street.csv,Watford,"51.660576884907705,-0.3992417589576546",755
118,hertfordshire-street.csv,Broxbourne,"51.71149062448962,-0.02690413469387762",340
119,hertfordshire-street.csv,Welwyn Hatfield,"51.778321059975575,-0.21511833047735632",715
120,hertfordshire-street.csv,East Hertfordshire,"51.81898948007253,-0.003146911231884059",419
121,hertfordshire-street.csv,Dacorum,"51.756506619585736,-0.49363803578154514",420
122,hertfordshire-street.csv,Three Rivers,"51.65283836904764,-0.44401273015872983",174
123,hertfordshire-street.csv,St Albans,"51.763694605391976,-0.33174862745098216",477
124,hertfordshire-street.csv,Hertsmere,"51.669242572519096,-0.27402385496183235",191
125,hertfordshire-street.csv,Stevenage,"51.904470588045136,-0.19624435056542824",548
126,hertfordshire-street.csv,North Hertfordshire,"51.968404356187136,-0.2297946688963208",444
127,humberside-street.csv,Kingston upon Hull,"53.75870623246752,-0.34436024448051916",3050
128,humberside-street.csv,East Riding of Yorkshire,"53.828823919407846,-0.44580201233552647",1164
129,humberside-street.csv,North Lincolnshire,"53.58528835658912,-0.6371276821705422",635
130,humberside-street.csv,North East Lincolnshire,"53.5610889904032,-0.08078217658349336",1033
131,kent-street.csv,Canterbury,"51.30087173881384,1.0796107596253897",823
132,kent-street.csv,Maidstone,"51.266310144897965,0.5256413999999998",441
133,kent-street.csv,Swale,"51.36151169898995,0.7738353373737373",414
134,kent-street.csv,Medway,"51.3817817761529,0.5408435264341962",815
135,kent-street.csv,Sevenoaks,"51.310656738916336,0.1808790788177341",141
136,kent-street.csv,Tunbridge Wells,"51.14141343979057,0.29245082722513116",130
137,kent-street.csv,Tonbridge and Malling,"51.243841933333336,0.3441913333333329",266
138,kent-street.csv,Thanet,"51.36653323296347,1.39377889223455",557
139,kent-street.csv,Dover,"51.18400543971628,1.3432496773049634",252
140,kent-street.csv,Gravesham,"51.43366999410028,0.3677721651917402",244
141,kent-street.csv,Shepway,"51.07816412552305,1.146682953974896",215
142,kent-street.csv,Dartford,"51.443924778546744,0.24076558823529418",226
143,kent-street.csv,Ashford,"51.14269859108785,0.8677288414154628",633
144,lancashire-street.csv,Preston,"53.76903989352821,-2.7020111743214987",951
145,lancashire-street.csv,Burnley,"53.79309171825394,-2.254138726190474",252
146,lancashire-street.csv,Ribble Valley,"53.866630148148154,-2.443771555555555",52
147,lancashire-street.csv,Wyre,"53.896277363333304,-3.012326460000001",292
148,lancashire-street.csv,Blackpool,"53.816427970837196,-3.0413303998118666",1054
149,lancashire-street.csv,Fylde,"53.76171568947366,-2.9768215578947355",187
150,lancashire-street.csv,Pendle,"53.85274527142857,-2.1979973",140
151,lancashire-street.csv,Hyndburn,"53.75747408849559,-2.3800520619469037",111
152,lancashire-street.csv,West Lancashire,"53.56048226315787,-2.8153280307017563",221
153,lancashire-street.csv,Blackburn with Darwen,"53.731477051063834,-2.4803816340425544",232
154,lancashire-street.csv,Lancaster,"54.056964417142815,-2.8257732342857143",682
155,lancashire-street.csv,South Ribble,"53.7178389736842,-2.701502905701755",447
156,lancashire-street.csv,Chorley,"53.657339600000036,-2.641801893333333",222
157,lancashire-street.csv,Rossendale,"53.69550470422534,-2.256990732394365",71
158,leicestershire-street.csv,Rutland,"52.66685606976745,-0.7227637906976744",41
159,leicestershire-street.csv,Hinckley and Bosworth,"52.55687802439019,-1.358850594512196",325
160,leicestershire-street.csv,North West Leicestershire,"52.73789191452989,-1.4027276837606832",116
161,leicestershire-street.csv,Charnwood,"52.760031335096976,-1.2003319576719553",1082
162,leicestershire-street.csv,Harborough,"52.48888594871792,-0.9733567692307685",126
163,leicestershire-street.csv,Oadby and Wigston,"52.591018358490594,-1.1069797830188681",210
164,leicestershire-street.csv,Blaby,"52.595393784090874,-1.1855574886363636",176
165,leicestershire-street.csv,Leicester,"52.63297706747128,-1.1338930548546364",3593
166,leicestershire-street.csv,Melton,"52.77317138666666,-0.88729964",72
167,lincolnshire-street.csv,Lincoln,"53.22535284838953,-0.5473441461115476",1257
168,lincolnshire-street.csv,West Lindsey,"53.388449366666656,-0.6717050611111116",178
169,lincolnshire-street.csv,North Kesteven,"53.1069136338798,-0.5038341584699454",173
170,lincolnshire-street.csv,Boston,"52.97673181948884,-0.025191477635782715",620
171,lincolnshire-street.csv,South Kesteven,"52.84254817232381,-0.5649940391644905",366
172,lincolnshire-street.csv,East Lindsey,"53.23336617905409,0.1833457364864866",295
173,lincolnshire-street.csv,South Holland,"52.78927370065788,-0.1255979934210527",297
174,merseyside-street.csv,Knowsley,"53.432856217125405,-2.8504137155963294",323
175,merseyside-street.csv,Liverpool,"53.40320290347484,-2.9518170817830858",2747
176,merseyside-street.csv,Wirral,"53.389364581677725,-3.0519828189845506",877
177,merseyside-street.csv,St. Helens,"53.45275474541757,-2.716137456211815",470
178,merseyside-street.csv,Sefton,"53.5512070645646,-3.0041456741741723",1261
179,metropolitan-street.csv,Redbridge,"51.57395502255642,0.07317325864661645",573
180,metropolitan-street.csv,Brent,"51.54918472638431,-0.25241500488599294",1191
181,metropolitan-street.csv,Lewisham,"51.45805435690238,-0.023258127946127884",1103
182,metropolitan-street.csv,Ealing,"51.516380849707964,-0.3143012336696761",1824
183,metropolitan-street.csv,Lambeth,"51.470478835588494,-0.11935485676470627",3269
184,metropolitan-street.csv,Newham,"51.53527558088256,0.02040656066176475",1573
185,metropolitan-street.csv,Barking and Dagenham,"51.54444845241576,0.12830302489019063",638
186,metropolitan-street.csv,Tower Hamlets,"51.52005341055978,-0.048325809740555226",4355
187,metropolitan-street.csv,Merton,"51.41357601054195,-0.19507241867469877",1247
188,metropolitan-street.csv,Croydon,"51.37872090140841,-0.09625941495124576",833
189,metropolitan-street.csv,Hillingdon,"51.53006246209372,-0.44298460920577626",1010
190,metropolitan-street.csv,Westminster,"51.512504858910276,-0.15432629165569914",3686
191,metropolitan-street.csv,Waltham Forest,"51.57843215622508,-0.011205655035685913",1219
192,metropolitan-street.csv,Kingston upon Thames,"51.40305960998677,-0.2952400755735503",1257
193,metropolitan-street.csv,Havering,"51.57365052205888,0.200329895220588",491
194,metropolitan-street.csv,Harrow,"51.588270618110265,-0.3391498818897635",462
195,metropolitan-street.csv,Hounslow,"51.47331501733365,-0.3368637311111116",2091
196,metropolitan-street.csv,Wandsworth,"51.45324311145323,-0.17973422321428625",3139
197,metropolitan-street.csv,Southwark,"51.4886738403799,-0.07960500688836059",4120
198,metropolitan-street.csv,Enfield,"51.64422227496921,-0.06524620098643646",757
199,metropolitan-street.csv,Haringey,"51.587896490565996,-0.09543112466307277",1442
200,metropolitan-street.csv,Islington,"51.54171541440087,-0.10633173438900535",3314
201,metropolitan-street.csv,Kensington and Chelsea,"51.50245878403228,-0.1925145956346927",1739
202,metropolitan-street.csv,Bromley,"51.39883203699156,0.01608292971639949",647
203,metropolitan-street.csv,Bexley,"51.46080449469958,0.13941414840989402",432
204,metropolitan-street.csv,Camden,"51.532449190436765,-0.1384068184598273",3477
205,metropolitan-street.csv,Greenwich,"51.480024695501804,0.035078896193771726",1083
206,metropolitan-street.csv,Sutton,"51.36772519120877,-0.18592183296703305",368
207,metropolitan-street.csv,Barnet,"51.60183487341775,-0.2086110759493672",665
208,metropolitan-street.csv,Richmond upon Thames,"51.44905630677717,-0.3151747927180963",2465
209,metropolitan-street.csv,Hackney,"51.54545751868495,-0.06844133632836444",4818
210,metropolitan-street.csv,Hammersmith and Fulham,"51.49213691784817,-0.21837536501288657",3093
211,norfolk-street.csv,Norwich,"52.63085208679583,1.2861002954755303",2128
212,norfolk-street.csv,South Norfolk,"52.54901279532169,1.20376212865497",163
213,norfolk-street.csv,Great Yarmouth,"52.59968804361882,1.7233894523424875",617
214,norfolk-street.csv,King's Lynn and West Norfolk,"52.746187842578756,0.4076632458770611",618
215,norfolk-street.csv,Breckland,"52.529340658291446,0.8261727135678392",196
216,norfolk-street.csv,North Norfolk,"52.877943694117654,1.1770324470588236",82
217,norfolk-street.csv,Broadland,"52.673975606896555,1.2992363862068974",145
218,north-wales-street.csv,Denbighshire,"53.29062608064516,-3.453321451612903",245
219,north-wales-street.csv,Flintshire,"53.209245157738074,-3.070525250000002",329
220,north-wales-street.csv,Isle of Anglesey,"53.287057227272726,-4.453581136363637",44
221,north-wales-street.csv,Gwynedd,"53.07842494054053,-4.11304765945946",184
222,north-wales-street.csv,Conwy,"53.29728362585033,-3.7239222312925184",292
223,north-wales-street.csv,Wrexham,"53.04087431807778,-3.002726498855836",422
224,north-yorkshire-street.csv,Selby,"53.787743221153896,-1.1089784759615386",196
225,north-yorkshire-street.csv,Hambleton,"54.3145938131868,-1.3470560659340662",88
226,north-yorkshire-street.csv,Richmondshire,"54.37951022448979,-1.7504410612244898",48
227,north-yorkshire-street.csv,Ryedale,"54.1701159512195,-0.7934531951219511",81
228,north-yorkshire-street.csv,Craven,"53.96762011475409,-2.0531602459016396",55
229,north-yorkshire-street.csv,York,"53.95959616301796,-1.0846056301798273",2523
230,north-yorkshire-street.csv,Scarborough,"54.29106277906975,-0.41961312403100803",256
231,north-yorkshire-street.csv,Harrogate,"54.010872767075234,-1.5257174378283722",553
232,northamptonshire-street.csv,Northampton,"52.24257526266698,-0.8888007853333322",1449
233,northamptonshire-street.csv,South Northamptonshire,"52.13236798148151,-0.9625330740740743",54
234,northamptonshire-street.csv,East Northamptonshire,"52.34363022641511,-0.5736697735849059",105
235,northamptonshire-street.csv,Kettering,"52.397669301724136,-0.7259833649425272",336
236,northamptonshire-street.csv,Daventry,"52.27742905185186,-1.0863434592592593",131
237,northamptonshire-street.csv,Corby,"52.488815178173624,-0.7032474387527833",449
238,northamptonshire-street.csv,Wellingborough,"52.30227076363637,-0.695451040000001",261
239,northumbria-street.csv,Sunderland,"54.901044094250835,-1.4231908953817154",1040
240,northumbria-street.csv,Newcastle upon Tyne,"54.98260835051127,-1.6144057065302941",2532
241,northumbria-street.csv,South Tyneside,"54.9748103294893,-1.4521045337726537",588
242,northumbria-street.csv,Gateshead,"54.948015164092666,-1.6132147065637046",518
243,northumbria-street.csv,Northumberland,"55.17241605080217,-1.6194892740641709",747
244,northumbria-street.csv,North Tyneside,"55.01825415326892,-1.499219625937835",933
245,nottinghamshire-street.csv,Bassetlaw,"53.31884654471547,-1.0717318130081317",243
246,nottinghamshire-street.csv,Mansfield,"53.147119571428554,-1.1906779420849423",258
247,nottinghamshire-street.csv,Broxtowe,"52.933604750000086,-1.2334281541353376",515
248,nottinghamshire-street.csv,Gedling,"52.98860824418604,-1.1120556395348842",172
249,nottinghamshire-street.csv,Newark and Sherwood,"53.09461878672981,-0.8650063949447095",592
250,nottinghamshire-street.csv,Ashfield,"53.0848908275862,-1.2362672100313472",318
251,nottinghamshire-street.csv,Rushcliffe,"52.925857783505194,-1.121169391752577",291
252,nottinghamshire-street.csv,Nottingham,"52.95763347471249,-1.1690292578544086",2561
253,south-wales-street.csv,Bridgend,"51.53306578985507,-3.6156037608695657",130
254,south-wales-street.csv,Rhondda Cynon Taf,"51.618376217616586,-3.387888575129533",191
255,south-wales-street.csv,Cardiff,"51.48617237675048,-3.1814874134252076",4444
256,south-wales-street.csv,Neath Port Talbot,"51.622996251655614,-3.8008492483443694",297
257,south-wales-street.csv,The Vale of Glamorgan,"51.42697493333326,-3.251881740350877",280
258,south-wales-street.csv,Swansea,"51.62728426995639,-3.9563342873730036",679
259,south-wales-street.csv,Merthyr Tydfil,"51.73046764705882,-3.3597617647058815",51
260,south-yorkshire-street.csv,Rotherham,"53.43244383468837,-1.3265092140921417",365
261,south-yorkshire-street.csv,Sheffield,"53.381531598065656,-1.4711556351423947",1840
262,south-yorkshire-street.csv,Barnsley,"53.550804137931024,-1.4511847298850575",346
263,south-yorkshire-street.csv,Doncaster,"53.52947174718042,-1.1203764971804493",1013
264,staffordshire-street.csv,Staffordshire Moorlands,"53.066096446428595,-2.0751063571428574",56
265,staffordshire-street.csv,Stafford,"52.810009648387144,-2.1140053129032257",594
266,staffordshire-street.csv,Newcastle-under-Lyme,"53.02048340566035,-2.2407021698113216",209
267,staffordshire-street.csv,Lichfield,"52.678504014423005,-1.8364400817307678",170
268,staffordshire-street.csv,Cannock Chase,"52.714179830769204,-1.9912270923076916",128
269,staffordshire-street.csv,Tamworth,"52.62804070694869,-1.683014564954681",304
270,staffordshire-street.csv,Stoke-on-Trent,"53.01603786658799,-2.171171094451006",841
271,staffordshire-street.csv,South Staffordshire,"52.6328250652174,-2.1423593260869573",92
272,staffordshire-street.csv,East Staffordshire,"52.80660527388539,-1.6456185753715504",449
273,suffolk-street.csv,Suffolk Coastal,"52.03733314743589,1.3293884615384621",311
274,suffolk-street.csv,Forest Heath,"52.33568813108617,0.5229013408239707",258
275,suffolk-street.csv,St Edmundsbury,"52.21857660841425,0.6619116504854374",299
276,suffolk-street.csv,Ipswich,"52.055878995884676,1.1563612986478538",1642
277,suffolk-street.csv,Waveney,"52.46847119616506,1.7161298687315643",646
278,suffolk-street.csv,Babergh,"52.04227943478263,0.8291104173913045",112
279,suffolk-street.csv,Mid Suffolk,"52.192867483660166,1.0091330130718954",137
280,surrey-street.csv,Tandridge,"51.26262780733945,-0.05120934862385322",88
281,surrey-street.csv,Spelthorne,"51.427426068840624,-0.47295202536231773",429
282,surrey-street.csv,Mole Valley,"51.274869882353094,-0.3291667505882347",185
283,surrey-street.csv,Waverley,"51.1678107114286,-0.6906950742857145",186
284,surrey-street.csv,Woking,"51.31996041316663,-0.5621863927355292",621
285,surrey-street.csv,Guildford,"51.24853733900706,-0.578035811347517",531
286,surrey-street.csv,Surrey Heath,"51.33121722500004,-0.7314626999999996",199
287,surrey-street.csv,Reigate and Banstead,"51.241406984654645,-0.17786974168797923",269
288,surrey-street.csv,Epsom and Ewell,"51.343212934456965,-0.2629375767790257",355
289,surrey-street.csv,Elmbridge,"51.375767185387154,-0.38916916139585594",578
290,surrey-street.csv,Runnymede,"51.39923262371147,-0.5259478994845362",303
291,sussex-street.csv,Adur,"50.8330602967479,-0.27615084959349645",179
292,sussex-street.csv,Chichester,"50.83442245961816,-0.7878761615271634",568
293,sussex-street.csv,Crawley,"51.115806997503135,-0.18506231210986226",692
294,sussex-street.csv,Arun,"50.801883062500224,-0.6086055071721314",745
295,sussex-street.csv,Worthing,"50.81719162913229,-0.3817924710743814",812
296,sussex-street.csv,Eastbourne,"50.77989803397016,0.2896051358811038",381
297,sussex-street.csv,Rother,"50.8784669172414,0.5001441379310344",113
298,sussex-street.csv,Wealden,"50.92504193518522,0.2335183425925927",80
299,sussex-street.csv,Brighton and Hove,"50.83092100000017,-0.1437886154949784",2669
300,sussex-street.csv,Hastings,"50.86011602325588,0.5694213720930228",274
301,sussex-street.csv,Lewes,"50.83395973417724,0.030812021097046432",186
302,sussex-street.csv,Mid Sussex,"50.99324618154758,-0.11092505357142877",194
303,sussex-street.csv,Horsham,"51.05198543733343,-0.3380516186666667",301
304,thames-valley-street.csv,Wycombe,"51.62275382317063,-0.7577728963414637",280
305,thames-valley-street.csv,Aylesbury Vale,"51.81907678503177,-0.8142346958598731",561
306,thames-valley-street.csv,Wokingham,"51.4353514943662,-0.8877199690140837",560
307,thames-valley-street.csv,South Bucks,"51.568491705223934,-0.5968122686567163",169
308,thames-valley-street.csv,Cherwell,"51.96376731857142,-1.2528183857142827",637
309,thames-valley-street.csv,Reading,"51.45284746492247,-0.9722133018581703",2536
310,thames-valley-street.csv,West Berkshire,"51.40906278906249,-1.2721535156249981",455
311,thames-valley-street.csv,Slough,"51.513588181108595,-0.5988509297423867",1116
312,thames-valley-street.csv,Bracknell Forest,"51.40410373991937,-0.7553351290322593",407
313,thames-valley-street.csv,West Oxfordshire,"51.792548274336276,-1.4891163982300881",224
314,thames-valley-street.csv,Oxford,"51.750287949577434,-1.245022373773258",5785
315,thames-valley-street.csv,Vale of White Horse,"51.666327493472586,-1.3219649660574404",370
316,thames-valley-street.csv,South Oxfordshire,"51.616970335680726,-1.133182237089203",358
317,thames-valley-street.csv,Windsor and Maidenhead,"51.49589743112235,-0.661285303571426",957
318,thames-valley-street.csv,Chiltern,"51.674186650537614,-0.6107896129032252",122
319,thames-valley-street.csv,Milton Keynes,"52.036353501061704,-0.75757538004246",1842
320,warwickshire-street.csv,Nuneaton and Bedworth,"52.51155686942676,-1.4739201257961814",609
321,warwickshire-street.csv,Warwick,"52.29173756550214,-1.5457030196506547",866
322,warwickshire-street.csv,Rugby,"52.37380732911394,-1.267249591320075",548
323,warwickshire-street.csv,Stratford-on-Avon,"52.197482943113805,-1.7214081916167652",323
324,warwickshire-street.csv,North Warwickshire,"52.547795811764715,-1.633899447058823",82
325,west-mercia-street.csv,Redditch,"52.301207955357164,-1.9257970625000012",220
326,west-mercia-street.csv,Wychavon,"52.1543684071146,-2.030732802371541",227
327,west-mercia-street.csv,Wyre Forest,"52.379332310679615,-2.25515945631068",272
328,west-mercia-street.csv,Worcester,"52.1949111070014,-2.216926496697493",713
329,west-mercia-street.csv,Bromsgrove,"52.34946716504851,-2.0358701165048543",89
330,west-mercia-street.csv,Herefordshire,"52.05992469879518,-2.7088921531841677",569
331,west-mercia-street.csv,Telford and Wrekin,"52.687977982456204,-2.4637805419103285",482
332,west-mercia-street.csv,Malvern Hills,"52.131410399999986,-2.3199889111111114",85
333,west-mercia-street.csv,Shropshire,"52.719819384844016,-2.7479791322436853",655
334,west-midlands-street.csv,Walsall,"52.59519027419353,-1.9974985564516112",614
335,west-midlands-street.csv,Wolverhampton,"52.5869975227043,-2.11576858930373",961
336,west-midlands-street.csv,Coventry,"52.41081367360864,-1.5065495036124052",2234
337,west-midlands-street.csv,Sandwell,"52.51591103124999,-2.011663442934782",698
338,west-midlands-street.csv,Dudley,"52.489187350347976,-2.111661979118331",424
339,west-midlands-street.csv,Birmingham,"52.47075897829002,-1.8920643296411108",4249
340,west-midlands-street.csv,Solihull,"52.43113281382375,-1.7812973411371222",805
341,west-yorkshire-street.csv,Calderdale,"53.72070637499999,-1.9172939346590938",304
342,west-yorkshire-street.csv,Kirklees,"53.6643536701209,-1.733196538860104",575
343,west-yorkshire-street.csv,Wakefield,"53.68388337601434,-1.4261234346257903",1076
344,west-yorkshire-street.csv,Bradford,"53.81391721348313,-1.7852458470181485",1098
345,west-yorkshire-street.csv,Leeds,"53.8026338902551,-1.5454181754060319",4252
346,wiltshire-street.csv,Wiltshire,"51.28110313333323,-2.043598945945949",1020
347,wiltshire-street.csv,Swindon,"51.568100555407234,-1.7822999479305774",1463
